Protein,Model,ROC-AUC,F1,Precision,Recall,Accuracy
EGFR,Logistic Regression,0.7764962374287925,0.5181818181818182,0.35403726708074534,0.9661016949152542,0.6466666666666666
EGFR,Random Forest,0.777269850200436,0.5181818181818182,0.35403726708074534,0.9661016949152542,0.6466666666666666
EGFR,XGBoost,0.7782544482734369,0.5181818181818182,0.35403726708074534,0.9661016949152542,0.6466666666666666
BACE1,Logistic Regression,0.8598814229249012,0.7632508833922261,0.7448275862068966,0.782608695652174,0.7788778877887789
BACE1,Random Forest,0.8395915678524374,0.704119850187266,0.7286821705426356,0.6811594202898551,0.7392739273927392
BACE1,XGBoost,0.8717391304347826,0.7642857142857142,0.7535211267605634,0.7753623188405797,0.7821782178217822
HIV_Protease,Logistic Regression,0.7682275756961296,0.17402945113788487,0.09989754098360656,0.6747404844290658,0.7749270428015564
HIV_Protease,Random Forest,0.7889779196455631,0.24621733149931224,0.1536480686695279,0.6193771626297578,0.8667315175097277
HIV_Protease,XGBoost,0.8089016947822163,0.3244239631336406,0.22110552763819097,0.6089965397923875,0.9108706225680934
